;text
0;"Задавайте вопросы, делитесь ситуациями в соответствующих темах:
1. По частям магов, которые не являются колодостроительными - https://vk.com/topic-113113497_46930589
2. По первому Крутагидону - https://vk.com/topic-113113497_49216184
3. По Крутагидону 2: Чипсихоз - https://vk.com/topic-113113497_49216188
4. По Рику и Морти - https://vk.com/topic-113113497_49181844
Все правила в файлах группы
5*. С допом Братство - в 2 или 3, с чем замешиаали (если это имеет значение)

Так же есть альбом, если вдруг захотелось сфоткать расклад)
https://vk.com/album-113113497_275831554"
1;"Первый турнир по Крутагидону 25.01.2025 в Москве!🔥
Готовьте свои свитки и палочки, дамы и господа 😼
Ссылка для записи на турнир и больше информации в посте 👇

⚠️upd: из промо-карт официально локализована только одна - ""Последний смешок"". ХГ ответили, что остальные ""от комьюнити"", т. е. самоделки. 
Сообщаю, чтобы были в курсе, если кому важно)"
2;Попытайте удачу)
3;Если хотели что-то прикупить из настолок, успевайте до повышения цен 😒😒
4;"А вот и новость, хотя в продаже с пятницы 😁
Уже успел вчера протестировать 🔮
Первые впечатления положительные) Давно пора было ввести в заклинательных ЭСБМ жетоны дохлых колдунов, чтобы воскресать мгновенно.
Лично на мой взгляд, Крутагидоны не переплюнет, но для спелл-крафт серии достойный представитель, играть было вполне интересно. Так сказать, вернулся интерес к этим частям 😜"
5;"Эй, колдунишки, тссс, Hobby пока молчат, но я вижу: новую часть ЭСБМ 6 уже можно заказать, что я и сделал) Чего и вам советую 🤫
https://hobbygames.ru/jepichnie-shvatki-boevih-magov-izbienie-na-arene-hreni"
6;"В целом, вот так) 
Кто-то ещё приобрёл и ожидает свою коробочку? Вышло дороговато, конечно 🤑 
Надеялся/надеюсь на локализацию, пока больше года прошло с кика, думал о продаже, когда доедет..) Но так как с локализацией нет ясности, теперь не знаю 😅 
P.S. в комменты немного ""внутренностей"", красивых фоток не вышло))"
7;"Итак, Annihilageddon 3 с кикстартера добрался до меня 😈🔮
Наконец-то 😅⌛"
8;"Пока на этом всё. Ждём выхода в продажу, время летит, так что осталось не так много ждать ⌛🤔
И появятся картинки получше качеством))

P. S. И скоро уже должен приехать кикстартерный Крутагидон 3. Никто ещё не получил?"
9;"Арена Хрени, но какая же арена без чемпионов? 🏋
У каждого Чемпиона 4 эффекта.
🕺Заход. В начале каждого раунда выкладывается новая карта Чемпиона, и выполняется эффект Захода. Просто, но можно/нужно и огрести 🤕

🎢 Разгон! Если колдун сыграл карту Разгона со своим заклинанием, перед его применением он выполняет эффект Разгона Чемпиона!

💪 Слабо? Испытание, так сказать, от великих. В конце раунда каждый колдун(ы), который выполняет условия, получает 1 Жетон Фаната

⛔ Знак. Знак на карте Чемпиона добавляется к каждому заклинанию каждого колдуна в текущем раунде. Всё, что ещё ждали от знака?

Вот такие Чемпионы. Выглядит очень даже неплохо, как будет всё работать? Как обычно, проверим на практике 😎"
10;"Ну что, разогнались? 🤡 Двигаем дальше. Ещё одна механика Арены Хрени - эффекты и карты Разгона!
🎢 Карты Разгона встречаются в колоде заклинаний
🚀 Эффекты разгона бывают у заводил, наворотов, приходов и чемпионов (кого? 😯 позже о них)

Чтобы применить эффекты разгона, при составлении заклинания нужно сыграть карту разгона. Т. е. перед нами будет 1-3 карты заклинания в закрытую, плюс в открытую карта Разгона.
В таком случае, когда начинается ход колдуна, сначала применяется эффект Разгона Чемпиона (да кто же это? 😧), затем применяются эффекты разгона на картах в заклинании 👍

Если не выкладывали карту Разгон, то текст карты после слова ""разгон"" игнорируется 🚫

P. s. Можно разыграть несколько карт разгона, но я пока не понял, эффект разгона за каждую применяется или нет 🤔"
11;"Соответственно, а когда ты убиваешь колдуна, то получаешь Жетон Фаната 🥳, который прибавляет 2, 3 или 4 победных очка (как уж повезет🍀), и не показываешь его до конца игры.
Получить Жетон Фаната можно как-то и иными способами"
12;"Итак, новых механик в Арене Хрени не так много 🤗
Главное из них - жетоны дохлых колдунов (привет из Крутагидона 👋☠) вместо карт дохлых колдунов.

Теперь, когда колдун умирает, происходит следующее:
🏥 Жизней сразу становится 20
👐 Сбрасываются все карты с руки
💀 Берётся один жетон дохлого колдуна 
⚠️В отличие от остальных игр серии, когда ты подыхаешь, выложенное  заклинание, сокровища и твари остаются с тобой, а ты возвращаешься к жизни. Т. е. даже ход не пропускаешь, если ещё не кастовал заклинание в этом раунде⚠️

Каждый ЖДК отнимает 2 победных очка, но зато добавляет к каждому заклинанию один из 5 знаков школ магии 🔮"
13;"Скоро чуть подробнее рассмотрим механики шестой (😨) части spellcraft-серии Магов 🤓📃

Но пока интересует вопросик)
Когда локализовали Крутагидона, а было это после четырёх обычных частей ЭСБМ, стали играть практически только в него. Спеллкрафт части вспоминали очень редко, стали они казаться скучными, более скудными и однообразными что ли... А какие у вас мысли на этот счёт ? 🤔"
14;"Собственно, недавно увидел, что на страничке игры появились правила) Итак, вот они, правила к игре
Эпичные схватки боевых магов : Избиение на арене хрени! 🤯🤛🏟️🔮

https://hobbygames.ru/jepichnie-shvatki-boevih-magov-izbienie-na-arene-hreni"
15;Всем утречка, вот и понедельник, ну и... хрень 😏😏😏
16;"Как вы там, в этой жаре? 🥵 Будьте осторожны и пейте больше воды 🌊
А у нас тут ещё и огненная новость 😱
Без лишних слов 🔥"
17;"Что ж, у нас тут плохая, средняя и хорошая новости:
😭Крутагидона 3 нет в планах локализации у Hobby World
😐Так же не планируется коробочка для фамильяров и книг заклинаний
😄Но вот 6-ю часть Эпичных Схваток ждём в этом году
Такие дела 👀🔮"
18;"Второй турнир Лиги в ближайшее воскресенье 16 июня! 🧙
Для участия не забываем регистрироваться по форме)
🔮🔮🔮
Кто посещал первый турнир? Делитесь, как прошло? 👀"
19;"Ребята, новость-бомба! 🔥🔥🔥
В клубе Hobby Games на Ладожской у м. ""Бауманская"" в июне проходит Турнирная Лига по ""Эпичным Схваткам Боевых Магов"". 
9 июня пройдёт первый турнир! 😃
Подробности в посте

‼Чтобы участвовать в Лиге, нужно обязательно записаться в Гугл-форме по ссылке в посте!"
20;"Ничего срочного, просто кикстартерные коробочки отправились по миру 🚢, и уже ~в июле можно ожидать получение 😈
Кто-то ждёт свой заказик?) 

https://www.kickstarter.com/projects/cze/epic-spell-wars-of-the-battle-wizards-annihilageddon-3/posts/4119484?ref=ksr_email_mktg_auto_backer_project_update_registered_users"
21;"Шестая часть спелл-крафт серии магов 📖🔮 Epic Spell Wars of the Battle Wizards: Anarchy at the Arena 🔥 в предзаказе на сайте разрабов!

Локализация, скорее всего, будет, но вряд ли раньше зимы 😤 В общем, ждём... 

А кто не хочет ждать, то вот (релиз в августе):
https://cryptozoic.com/products/epic-spell-wars-of-the-battle-wizards-anarchy-at-the-arena?mc_cid=44dcc451fd&mc_eid=f554b84ca4"
22;Вроде уже мелькали, но глянем ещё раз на несколько новеньких карт 🤗
23;"На сайте Cryptozoic открыт предзаказ на обычную версию Epic Spell Wars of the Battle Wizards: Annihilageddon 3 - Satanic Panic 😈
Дата выхода: август 2024
https://cryptozoic.com/products/epic-spell-wars-of-the-battle-wizards-annihilageddon-3-satanic-panic?mc_cid=8fa1e42fdd&mc_eid=f554b84ca4
🔥🔥🔥🔥
Нас ждут новые планшеты 🎩волшебников с их фамильярами и... с книгами заклинаний 📖 (да, это новый тип карт!), море новых жетонов дохлых колдунов 💀, возможность сыграть за Сотону, у которого огромный планшет, свои карты формата таро и пачка его банды демонов, куда ж без них 
🔥🔥🔥🔥
Так же вернулись легенды с групповыми атаками - легендарные демоны, ну и, конечно, новенькие карты основной колоды и адские беспределы. 
Мда, горячо. Самое неприятное, что локализацию неизвестно когда ждать 👿"
24;"Кстати, тут было обновление, в котором прикрепили руководство, как быть Сoтоной. Да, в третьем Крутагидоне можно будет за него играть, т.е. будет режим все против одного (или же всё равно все против всех, м?))
Рассылка кикстартерная начнётся в июне, как и говорили раньше.
Есть такие, кто вписывался в кампанию на кике по этой части?

Статья на кикстартере:
https://www.kickstarter.com/projects/cze/epic-spell-wars-of-the-battle-wizards-annihilageddon-3/posts/4103571?ref=ksr_email_mktg_auto_backer_project_update_registered_users"
25;"Третья часть Крутагидона, 6 часть Битв Магов (спелл-крафт серия) и тома для хранения готовы! 
Завершился производственный процесс, и готовится отправка по всему миру. Ожидается, что все получат свои посылки в июле.

ВАЖНО, если кто вписывался на этот кикстартер: до 15 июня проверить адреса на BackerKit. Если ваш адрес изменился с тех пор, как вы заполнили анкету, обновите его как можно скорее.

Статья на кикстартере:
https://www.kickstarter.com/projects/cze/epic-spell-wars-of-the-battle-wizards-annihilageddon-3/posts/4099456?ref=ksr_email_mktg_auto_backer_project_update_registered_users"
26;"В поисках главного приза, можно и из базового Крутагидона.
Может пропадет кто-то?
Также буду признателен, если поделитесь моделью для 3-D принтера"
27;"Может нужен кому ориг на английском кикстартерный?
Пишите в лс группы
(закинуто в обсуждение покупка/продажа)"
28;"В этот раз новость не в праздничный день, видимо, поэтому не очень хорошая.
На вопрос к издательству HW о локализации новых частей нашей говн... любимой игры, получил такой ответ (кстати, ответ дождался только спустя 4 недели 🐢). 

Лично я думаю, что и 3-й Крутагидон локализуют в итоге, но не раньше, чем через год."
29;"Интересно, апдейты приходят на праздники 😀
Ещё порция новых образцов)
На этот раз Epic Spell Wars: Anarchy at the Arena - шестая карточная игра серии по созданию заклинаний. Нас ждут не только новенькие привычные карты для заклинаний и сокровища, но и совершенно новые карты чемпионов, жетоны аплодисментов, раллийные карты, которые влияют на толпу.

Так же первые образцы Epic Spell Wars: Tome of Defecation Unification - ящик для хранения всех шести игр по создания заклинаний в коробке с магнитной защелкой и чехлом. (В этом образце нет всех флуоресцентных расцветок и причудливой фольги, которые будут в финальной версии).

Статья на кикстартере:
https://www.kickstarter.com/projects/cze/epic-spell-wars-of-the-battle-wizards-annihilageddon-3/posts/4035475?ref=ksr_email_mktg_auto_backer_project_update_registered_users"
30;"С 14 февраля 🖤 - с днём новостей по третьему Крутагидону! 😈
Кратко: производство продолжается (пока пауза из-за китайского Нового года), но разработчики ожидают, что производство закончится в марте, а всё готовое рассылать по миру начнут в июне 📜

А пока фоточки заводских образцов (ещё нет блестящих эффектов на коробке и некоторых картах)

Статья на кикстартере:
https://www.kickstarter.com/projects/cze/epic-spell-wars-of-the-battle-wizards-annihilageddon-3/posts/4028200?ref=ksr_email_mktg_auto_backer_project_update_registered_users"
31;"Здравствуйте. Думаю такой вопрос уже не раз задавался, но посоветуйте, пожалуйста, какую часть игры купить? (не колодостроительные версии)
Была раньше версия Черепламени. Сейчас хочу что-нибудь интересное, с допами.
Заранее спасибо!"
32;"Вот так нейросеть увидела ""Эпичные схватки боевых магов"" 🤔"
33;Всем привет! Подскажите пожалуйста, какую часть лучше докупить с возможность замешать к Переполох в хоромах страсти? Либо же без возможности замеса какая интереснее?
34;"Здравствуйте.Можете пожалуйста объяснить, как и где получать планшеты к промо картам и есть ли какие либо другие промки помимо фамильяров, промо легенды или промо сокровища.У меня 1 часть Крутагидона и очень бы хотелось поиграть с промо картами.
Есть ли ещё промки в других дополнениях."
35;Здравствуйте! Подскажите какой порядок выхода у игр? Не могу найти информацию. Хочу по порядку покупать настолку)
36;Всем привет, довелось поиграть с друзьями в Эпичные схватки боевых магов: Битва на горе Черепламени, теперь хочу приобрести уже собственную игру. Буду очень рад, если посоветуете какую часть лучше взять
37;"Всем колдунам, привет! 

Нужна ваша помощь. Недавно начал заниматься переводом всего доп материала, которого в нашей стране нет. При этом появилась сложность в поиске планшетов героев.

Если у кого-то есть следующие планшеты, отправьте, пожалуйста, хорошее фото или скан:

-Sir Rulean the Cobald Conjurer - планшет колдуна с двух сторон.
-R.S. Bixby - планшет колдуна с двух сторон.
-Limpy flacid wizard - планшет колдуна с счетчиком жизней.
-Gorzo the Wicked - планшет колдуна с двух сторон.

Также прикреплю фото своих уже проделанных переводов. Эти материалы уже готовы для печати. Размер специально больше обычного, с учетом обрези станка."
38;"👑Колода легенд-сокровищ🔒
Она заменяет обычную колоду легенд
Определённых правил смешивания с Чипсихозом нет, поэтому вариантов множество 🤯
Простейший - просто добавить банды, новые жетоны и не париться 😎

Кстати! Про новые ❓жетоны дохлых колдунов☠
Некоторые ЖДК... с секретиками ☺, которые нельзя раскрывать до конца игры, кроме случаев, когда другие эффекты или сам жетон позволяет это сделать.
При подготовке берутся все 30 жетонов, хотя и советуют взять меньше, чтобы снизить страдания, но зачем, если мы тут как раз за этим? 😑"
39;"🎠Банды магангстеров🎠 
При подготовке не берутся жетоны колдунских свойств и фамильяры (не плачь, у тебя будет целая группировка) 💂💂💂 
 
В первый свой ход выбираем себе банду: берёшь карту правил банды и всех её участников - колоду магангстеров, и запираешь их на своём планшете притона, где они и тусят до призыва🏡
На карте сказано, каким образом их призывать🔊
(❕ их именно призывают, а не разыгрывают, они не считаются под контролем в игре) 
 
Призвать можно только 1 магангстера за ход (если не сказано иного), и каждый может атаковать только один раз (уже атаковавший поворачивается, чтобы самому не забыть об этом)) 
 
Магангстеры никогда не попадают к тебе на руку, в колоду или стопку сброса🚫
 
Когда подыхаешь, все они сваливают обратно в притон👋"
40;"Здарова, бандиты! 👮 
Ну что там у нас с допом, уже получили?
Рассказывайте, как впечатления)
Банды, ЖДК с секретиками, колода легендарных сокровищ, звучит опасно, но интересно😄
Правила давно в документах, не бойтесь их читать 🤓

P. S. Моя коробочка с допом ещё не получена, вопросы пишите в тему к тому крутагидону, с которым смешивали. Как  смогу - отвечу, или кто-то из уже игравших поможет (или нет 😈)"
41;Кому День Знаний 🤓, а кому день выхода в продажу дополнения к Крутагидону🤝
42;"А вот и допчик!
Перевод - моё почтение 😂😎"
43;"Смотрите какая красота)
Может, кто захочет купить, кто искал коврики"
44;"О, ребятки, поздние ставки на кикстартере третьего Крутагидона открыты до 25 апреля!
Вдруг кому-то ещё интересно)
https://www.kickstarter.com/projects/cze/epic-spell-wars-of-the-battle-wizards-annihilageddon-3/posts/3765737?ref=ksr_email_backer_project_update_registered_users"
45;Привет, есть кто с Москвы, ищем компания для совместных игр. Играем в клубе Единорог, пишите
46;Готовые переведенные фамильяры в файлах, кому нужны были? Пишите в личку
47;"Собственно, что внутри в английских версиях с кикстартера🔍😉

Вот бы в локализации тоже были такие встроенные органайзеры, а не картонка)"
48;Вот теперь всё собрал 🔥😎🔮🧀
49;"Может, кто-нибудь уже мастерил планешеты для игроков?
С местами для сброса, колоды, листом персонажа и прочим?"
50;"Держите плейматик по 3-й части Крутагидона)
https://cdn.shopify.com/s/files/1/0464/6961/1676/files/ESW_ANN3_Arena_Battle_PlayMat.png?v=1673656142

(В теме ""доп материалы"" в первом сообщении все три плеймата)"
51;"Решил перевести всю инфу про третий Крутагидон для тех, кто по каким-то причинам мог пропустить её или не понять что-либо. В тексте конечно же могут присутствовать ошибки, куда ж без них. Чуть позже хотелось бы перевести ту же инфу про шестую часть основной серии, я сам с ней толком не разобрался. Приятного чтения!

Срань господня! Вы должно быть шутите... Третья часть Крутагидона!? Я просто сказал, что продал бы свою душу, чтобы получить больше подобного треша и угара… 
 
Ох, черт... Кто-то упоминал о продаже души? Как бы мне не хотелось принять ваше дьявольски заманчивое предложение, но к сожаления или к счастью замечательные ребята из Cryptozoic опередили вас. Я не могу сказать сколько именно душ я собрал, но факт остаётся фактом - сделка была заключена. Вам повезло, у вас есть шанс купить Крутагидон 3: Satanic Panic и сохранить свою душу... Если только вы не хотите обменять ее на набор «Всё включено» *злобный дьявольский смех*. 
 
Да здравствует же Сатана! Встречайте совершено новых Колдунов и Тварей, новые Места, Заклинавния и Сокровища! Склонитесь, грешники, перед новыми Беспределами и Жетонами дохлых колдунов... Включая новые жетоны Проклятых колдунов! (поверьте, это сущий кошмар)
 
Но лучше всего этого – это совершенно новые дьявольские механики Крутагидона 3!!! 
 
Играйте за Сатану! Всё верно, одному из игроков выпадет адская честь играть за самого Князя тьмы – Сатану! Но что это вообще значит!? 
 
• Считайте, что вы уже выиграли! 
• Полюбуйтесь этим огромным планшетом Сатаны! 
• У Сатаны своя собственная колода Сатанинских карт размером с карты таро! 
• И не забывай призывать всевозможных демонов! 
 
Какие ещё крутые новинки вы можете увидеть в Крутагидон 3? 
 
• Даже если вам не повезло стать Сатаной, вы всё равно сможете вкусить этой силы с помощью… Сатанинской порчи! 
• Побеждайте Легендарных демонов, чтобы усилить свою колоду! 
• Не забывайте избегать Проклятых задниц! 
• Новая карта затравки – Адская палочка! При убийстве врага получайте карту Сатанинской порчи! 
• Вместо привычных Вялых палочек встречайте – Обжигающе-вялые палочки! Заплатите своим драгоценным здоровьем, чтобы избавиться от них! 
 
Крутагидон 3: Satanic Panic включает в себя более 345 карт, среди которых: 
• Карты затравки; 
• 26 карт Беспредел ; 
• 103 карты Сокровищ, Тварей, Колдунов, Мест и Заклинаний; 
• 15 карт Легендарных демонов; 
• 10 карт Фамильяров; 
• 14 бонусных карт способностей; 
• 60 карт Сатанинской колоды; 
• 50 карт Демонов; 
• 18 карт Сатанинской порчи; 
• 10 планшетов Колдунов; 
• 1 огромный Планшет сатаны; 
• 44 жетона Дохлых колдунов; 
• 10 жетонов Проклятых колдунов; 
• 10 жетонов Колдунских свойств; 
• 15 заглушек Проклятых задниц; 
• 5 жетонов для измерения здоровья; 
• Свод правил."
52;"Первые трофеи года🧙‍♂️🍕
Тебе могу при мочилове врагов есть пластиковые чипсики, а не картонные 😀
🔥XTREME Nacho Power Trophy and Chips  (Retail Version)🔥"
53;"Добрый вечер! Подскажите, какую версию игры лучше купить в дополнение к ""бесчинству в замке спрутобойни"" (прикрепила фото игры)? Чтобы можно было соединить две игры"
54;Москва, кто хочет скооперироваться и собираться на игры в магов? Крутогидон или чипсихоз.
55;Моя прелесть:))
56;"Hobby World тут планы свои обновили:
https://vk.com/wall-10077862_316751
До этого план был на ""зиму 2023"", теперь я сомневаюсь, что будет вообще..."
57;"Так же будет 6-я заклинание-строительная часть!🔮👊
Надеюсь, локализация тоже будет, но ждать долго😒"
58;"Началась кампания кистартера третьей части Крутагидона 😱🔥
Кто-то будет участвовать?)"
59;С Наступающим Старым Новым годом и одновременно с Пятницей 13! 🎆👻
60;Есть кто с Алматы тут ? Поиграть бы на выходных в крутагидон с кем то
61;"Ну как вы там? 🥴
С Новым годом всех, дорогие колдуны и колдуньи!🎄🎆🔮
Эпичного здоровья, счастливых беспределов, только позитивного настроя, счастья, побольше свободного времени на настолочки и всего наилучшего! 🎉🎉🎉"
62;"Видимо, мы надоели со своими вопросами 😀. Но здорово, прислушались, пояснили)
Вот основные изменения, что нашёл бегло по тексту (в комментах прикрепил)"
63;Моя лапочка
64;"Кстати, поддержка HobbyWorld дала ответ по поводу вопросов про:
- ""получить""/""купить"" карту
- смешивание двух частей Крутагидонов.

Далее цитаты из ответа:
1) Действительно, произошла путаница в терминологии. Под получением везде подразумевается взятие карты\карт из барахолки, основной колоды, колоды легенд, стопки и перенос их в свою колоду (сброс или поверх своей колоды), любым способом то есть с помощью покупки или по свойству карт. Любе другие действия, к примеру, взятие карт из своей колоды или одолжение карт получением не являются. 
 
2) Авторы действительно не дали каких либо рекомендаций по этому поводу и оставили простор для экспериментов. Мы, к примеру, замешиваем всё кроме легенд, и оставляем в игре 1 приз чипсихоза."
65;"Успели уже сыграть в Чипсихоз?🔥
Делитесь мнением об игре, впечатлениями, фотками 🔮🎆💩💣
Что понравилось, что нет?🤔
В общем, докладывайте 😀"
66;"✖️3. Как смешивать обе части Крутагидона?
В правилах только смутное упоминание, что можно выбирать ждк и фамильяров из любой части, а Хату Чипсодина использовать при смешивании. Почему нельзя просто опционально включать/выключать только в Чипсихозе?

✔️Решение: ждать прояснений от Хоббиков, но сомневаюсь, что они будут, поэтому смешивайте, как хотите , грубо говоря😂 Ну, это серьёзно так) Лично я предлагаю просто, как вам понравится включать/выключать какие-то элементы при объединении игр и не искать, правильно это или нет. Например:
*Хату Чипсодина, при желании, добавляйте и просто в Чипсихозе.
*Главный приз включать какой-то один. Либо оба, но за убийство получать только один на выбор. И когда при следующем убийстве колдун выбирает приз, и выбирает другой, то предыдущий приз откладывается в сторону.
Либо тупо брать сразу оба приза за одно убийство 😀
*Все аналогичные элементы из обеих частей (фамильяры, колдунские свойства, жетоны дохлых колдунов) просто смешиваются
*Легенды с групповой атакой замешать в легендарную барахолку, либо оставить отдельно легендарную барахолку и стопку легенд (старых)

Как-то вот так выходит. Игра класс, но, на мой взгляд, выглядит недоделанной... Это ещё не говорили о безумных уронах и быстрых партиях 😅
А как вы считаете?

(3 из 3)"
67;"✖️2. Постоянки с уничтожением себя же.
Волшебник ""Мармеладный архимаг"" имеет свойство ""постоянка"" и символ ""свойства активации"", которое можно активировать в любой момент своего хода один раз, чтобы уничтожить эту карту и сделать дальнейшее. Это понятно.
Но, например, тварь ""Баклажаба"" или заклинание ""Волшебные отходы"" так же имеют свойство постоянка и возможность уничтожить. Но здесь нет знака активации, т.е. при розыгрыше карты обязаны сразу разыграть и уничтожение? Если я не хочу уничтожать карту (потому что неподходящий момент для этого, например), то вынужден её не разыгрывать в таком случае, что странно. Зачем тогда свойство постоянка, если карта не может остаться на столе?

✔️Решение: считать, что у этой твари и заклинания (и у аналогичных карт) имеется символ активации, т.е. не обязательно сразу же уничтожать при розыгрыше.
Ведь вопрос возник только из-за того, что карты аналогичные, но на одних есть активация, на других нет.

(2 из 3)"
68;"Итак, погнали.

✖️1. Старый добрый вопрос про ""получение карт"". Уже ранее рассматривалась разница между покупкой и получением, это не одно и тоже. В первом Крутагидоне есть несколько карт (легенда, несколько беспределов, шальные магии) и ждк, которые дают шанс именно получать карты.
(к слову, в Рике и Морти есть карты, где можно просто получать карты с барахолки/сброса)

В новой горяченькой части нас уже при подготовке встречают новые колдунские свойства (1 фото), где мы извлекаем какой-то бонус после >получения< волшебника/твари/заклинания. Т.е. при покупке свойство не работает? Потому что на старых свойствах/картах (2 и 3 фото, как примеры) прямо написано ""покупаешь или получаешь"". А в Чипсихозе нет карт, где ты просто получаешь карту, итого свойства бесполезны? Некоторые карты тоже завязаны на  ""при получении"".
Так же последующий вопрос про чипсины на картах барахолки (4  фото). Там, аналогично, в правилах написано, что когда  >получаешь< карту, получаешь и чипсину. Т.е. при покупке чипсина съедается? Ну не знаю) Полагаю, ошибка перевода или недосмотр разработчиков.

✔️Решение: собственно, элементарное 💡, просто приравниваем получение к покупке. Если строго по тексту и правилам, то руинится куча свойств и карт.

(1 из 3)"
69;"Всем приветов и чипсиков!👋⚠️
Следующий пост (будет разделён на 3 части) стоит внимания тех, кто успел поиграть в новый Крутагидон 2: Чипсихоз и особенно тех, кто скоро собирается. Некоторые неоднозначные моменты всплывали/будут всплывать в процессе игры, и чтобы вы не тратили время, постараюсь прояснить эти моментики 🤔🤔🤔

P.S. хотел написать раньше, но ждал ответа по правилам от поддержки HobbyWorld, надеясь, что они быстрее внесут пояснения. И вот что ответили 😂"
70;"Итак вышел 2-ой Крутагидон, но тут бороздя просторы интернета наткнулся вот на что. Сорри если уже публиковали.

https://www.kickstarter.com/projects/cze/epic-spell-wars-of-the-battle-wizards-annihilageddon-3"
71;"Задавайте вопросы, делитесь ситуациями в соответствующих темах:
1. По частям магов, которые не являются колодостроительными: https://vk.com/topic-113113497_46930589
2. По первому Крутагидону: https://vk.com/topic-113113497_49216184
3. По Крутагидону 2: Чипсихоз: https://vk.com/topic-113113497_49216188
4. По Рику и Морти: https://vk.com/topic-113113497_49181844
Все правила в файлах группы"
72;"Днём уже получил новиночку)
Закупайтесь и будем тестить в выходные 🔥"
73;"ДОЖДАЛИСЬ! 😱
Всех с началом зимы и Чипсихоза)
⛄🔮🍕"
74;Уже совсем немного ждать осталось!
75;"👋 В теме ""Рик и Морти: Близкие риконтакты риковой степени"" поделился впечатлениями от игры)
⚠️старался кратко, но многа буков вышло😀
Жду ваших впечатлений и вопросов🌌"
76;"Уже забрал свою коробочку на скин Крутагидона 😂
Для тех, кто тоже будет приобретать/играть создана специальная тема для ""Рик и Морти: Близкие риконтакты риковой степени"", который будем называть ""РиМ"", а то невозможно это каждый раз повторять 😅

Тема для вопросов и отзывов ""РиМ"", задавайте и делитесь мнением♻
https://vk.com/topic-113113497_49181844"
77;"Всем доброго утречка и хороших увеличенных выходных 👋🌞

А тем временем ""Рик и Морти: Близкие риконтакты риковой степени"" уже в продаже, берите портальную пушку и в ближайший магазин!🦠

https://hobbygames.ru/rik-i-morti-blizkie-rikontakti-rikovoj-stepeni?utm_source=vk&utm_medium=smm&utm_campaign=hwvk"
78;"В документы группы добавил правила игры ""Рик и Морти: Близкие риконтакты риковой степени""📚. Что думаете об игре?
Меня заинтересовало важнейшее отличие - отсутствие здоровья и урона. Как минимум из-за этого стоит внимания, я считаю ☺
Ну и тогда опросик, что ли:"
79;"А вот и РикоМортовый ""Крутагидон"" почти на подходе!🥒
Можно предзаказывать«Рик и Морти: Близкие риконтакты риковой степени»  - колодострой от тех же создателей, что и наши любимые Схватки Магов. Механики игры очень схожи с Крутагидоном, но с изменениями. Хороший подарочек фанатам и игры, и сериала 😎"
80;"Обзор грядущего Чипсихоза подходит к концу 😴 
Осталось рассмотреть новый символ активации на картах.
Тут всё просто, основной текст сыгранной карты выполняем сразу же, а свойство после 🔆 можно активировать 1 раз в любой момент своего хода, или не активировать вообще, если не хотим или забыли 🤪

Ах да, ну и напоследок, конечно же, жетон Лошары. Тут ещё проще: жизни не могут быть выше 15 и дополнительно -5 ПО, ну а что вы хотели от лошни?)
🤫по секрету, есть карта, которая этот штраф ПО превращает в бонус, но тссс, потому что есть и ждк, который удваиват штраф, ух...

На этом всё, вроде бы всё)
Осталось ждать уже не так долго, и тогда всех нас ждёт ЭКСТРЕМАЛЬНО ОСТРЫЙ ЧИПСИХОЗ! 🔥🔮🔶
А пока отдыхать, всем эпичных снов 🌜"
81;"Ещё одно применение чипсин в новом Крутагидоне🔥
В свой ход можно заплатить 3 чипсины и заказать случайное блюдо в хате Чипсодина 🏠. Сделать это можно раз в ход, каковы эффекты - смотрите меню 📋

Но вот мне пока не ясны 2 момента:
*Добавляется ли хата только при смешивании разных частей Крутагидона, заменяя обмен чипсин на мощь?
*И каковы правила смешивания? Исходя из текста на странице 15, то при смешивании нет новых легендарных карт, а только старые дешёвые легенды. Но больше никаких пояснений, как нужно совмещать наборы, я не нашёл 🤔
Но кто ж запретит добавлять хату и ВСЕ легенды, как угодно 😎"
82;"🔥Новенькая горяченькая механика Крутагидона 2: Чипсихоз - экстремальные чипсины, представленные в игре жетонами... чипсин 🔺)

Получаем чипсины:
🧀 по свойствам разных карт и ждк, где указано получить их
🥔когда покупаем с барахолки карту, на которых указан специальный символ (и чипсин там может оказаться больше 1)

Трата чипсин:
⚡1 чипсина = +1 мощь в этом ходу
🃏 для оплаты применения свойств карт
🌯для оплаты блюда хаты Чипсодина (об этом позже)

Победные очки чипсины не приносят, поэтому рано или поздно тратим их не жалея😌"
83;"Вот как-то так будет выглядеть раскладка ""магазина"" в Крутагидоне 2.
Да, две барахолки сразу🤑"
84;"Всем волшебного дня!
Краткий обзор состава нового Крутагидона (+неизбежное сравнение с 1-м):

🔆Затравки (стартовая колода) без изменений, кроме простой палочки - теперь она может дать не 2 карты, а 3 чипсины (о них позже)

🍎 немного меньше карт в основной колоде, и по -1 вялочке и шальной магии

Нас ждут долгожданные новенькие:
🍏30 ЖДК (в 1-м крутагидоне их всего 20)! 
🍏10 верных фамильяров и 10 колдунских свойств

❌Привычных Легенд арены с задодробительными групповыми атаками нет, наваляли мы знатно всем😎

Зато вместо них новая, не менее легендарная (надеюсь) колода:
🔮 сокровища, твари, волшебники, заклинания и места (всего 33 карты)
🔮вместе с ними наводят шорох 7 МЕГАбеспределов

👎Если ты лошара, теперь об этом будут знать все, тебя отметят специальным жетоном лошары

🔶новая механика острейших чипсин
🔶которые можно заказать в меню хаты Чипсодина

👑Главный приз Крутагидона тоже изменил свойство: даёт одну чипсину

✨ну и про палочку-хреналочку узнаем позже

Вроде вот так, надеюсь, всё это оправдает наши ожидания 😄😠"
85;"Итак, это уже близко, мои шкодливые маги и магички, - возвращение на арену Крутагидона!😱🔮🎪💪
Почти дождались, уже можем посмотреть, что нас ждёт 😎

Загрузил правила в документы группы. В ближайшие дни будем разбирать каждое новшество🤓, но для этого изучите правила, потратьте десяток минут на прочтение (не ленитесь, там больше половины знакомого текста)"
86;"Уже совсем скоро! 😎🧀
Ждёте?)"
87;У кого есть карточка «перегруз ответственности»? Это из грибучего болота, если есть, скиньте фотку плиз
88;"Короче, тут уже инфа про ""третий Крутагидон"", хотя ещё не вышел второй 😀
Есть любители Рика и Морти?)"
89;Для меня Крутагидон лучшая настольная игра
90;"Создана тема для тех, кому есть чем поделиться с нашим магическим орденом 🧙‍♂️🏰

Доп материалы по любым магам
https://vk.com/topic-113113497_49087155"
91;"Ну я просто должен это сделать..
От Шафутиныча 👉✨
Календарепереворотное🍃
Третье сентября🍁"
92;Тут конкурсик у Хоббиков. Вдруг кто захочет попытать удачу)
93;"Немного обновим инфу для Ждунов)
Крутагидон 2 ждём осенью, доп к Крутагидону зимой.

Инфа из статьи HW про актуальные статусы проектов на данный момент https://vk.com/@hobbyworld-novosti"
94;Дополним Крутагидон новыми картами)
95;"Всем привет 
Кто знает , как движется выход 2й части Крутогидона в РФ ? Вообще стоит ли его ждать ?"
96;"Ребята, кто нибудь сталкивался с ""Турниром кренделя""? Что это? Плагиат или игра от какого нибудь из авторов ""Схваток...""?"
97;"Что ж, вот хорошие новости, дело движется!😏
Надеемся, что ждать всё же не до конца осени⏳

Ссылка на планы Хобби
https://vk.com/wall-10077862_247522"
98;
99;"Воу-воу, горячая новость! 💥💣
Ну теперь я с официальным подтверждением ещё сильнее в ожидании)
Даже с допом всё-таки 😱"
100;"-Просто показываю
-Красивое..
Несколько засветившихся легендарных карт из Крутагидона 2 - просто огонь. На данный момент, кажутся имбой 🤔"
101;"Две новости: хорошая и плохая.
Хорошая - ссылаясь на ответ Хоббиков, продолжению Крутагидона быть!😱🔮
У ориг издателя уже начался предзаказ, релиз в августе..

И вот плохая - ожидание. Сроки не известны, в нынешней ситуации даже предугадать сложно. Думаю, не раньше конца года, в лучшем случае. Но то, что наше издательство всё же планирует продолжение, обнадёживает.

Включаем режим ждуна ⏳
Надеюсь, дождёмся)

P.s. если найдутся смельчаки на предзаказ оригинала 😅
https://cryptozoic.com/products/epic-spell-wars-of-the-battle-wizards-annihilageddon-2-xtreme-nacho-legends-preorder"
102;"Обнаружил тут на сайте Хоббиков промо-фамильяра к Крутагидону 🤡
Без атаки, но может быть довольно полезен по основному свойству. А во время защиты, при удачном (не для атакующего😀) случае, может изменить ход игры)

P.s. Ссылка в комменте"
103;"Промелькнуло обнадеживающее сообщение от Хоббиков про продолжения Крутагидона!
Кикстартер-кампания у Cryptozoic была прошлым летом, предполагаю, дальнейшие новости от нашего издателя будут в конце марта, когда выпустят оригинал. 

Дополнение к Крутагидону -
Epic Spell Wars of the Battle Wizards: ANNIHILAGEDDON — Gang Bangers,

и самостоятельная часть Крутагидон 2 -
Epic Spell Wars of the Battle Wizards: ANNIHILAGEDDON 2 — XTREME NACHO LEGENDS

P.S. 😱скорее бы🔮"
104;Добрый день)А кто-нибудь из вас знает про коврик крУтогидона или картинку под коврик
105;"Закончились новогодние праздники, с которых нас ""вежливо"" выгоняет даже Бухлон 😥😴
Вот и начинается первая невесёлая рабочая неделька тигрогода.
Что ж, новый год, новый путь. Отправляемся, всем удачи 🍀🔮

P.S. Но ёлку не разряжать до февраля минимум 😄🎄⛄"
106;"Ах да, понедельник же 😅
Начинаем-продолжаем первый понедельник года.
Не прекращаем отдыхать, праздновать, ещё минимум до конца недели не утруждайте себя делами 🎆🎄🔮

И играйте в Схватки Магов, делитесь моментами)"
107;"С Новым год колдуны и колдуньи!!! 🌠🎄🔮
Беспредельного счастья, крутагидонного веселья, тигриной грации и силы, эпичных партий, магической удачи!"
108;"Ещё встречаем эту предпраздничную и последнюю неделю года с.. с тем, что я похвастаюсь подарочком, который уже успел себе урвать ❄⛄🎄😎
А именно: Epic Spell Wars of the Battle Wizards Statue!
Редкая, лимитированная в 250 штук статуэтка к Эпичным Схваткам Боевых Магов, пронумерованная вручную копия #133 из 250 😱
Изображён один из величайших магов-лордов - STUDD SPELLSLAMMER и его фамильяр The JUICE! 🔮🦉
Всех с Наступающим!
Всем так же крутых подарков и праздничного настроя!🎁🌠"
109;"Встречаем 5 неделю 12 месяца 🎅⛄ вместе с неожиданным гостем: Студдом Заклинателем и его фамильяром Соком! (Откуда они здесь?)
Последняя неделька, держитесь, дорогие, скоро отдохнём, салатиков поедим, фильмы новогодние посмотрим 🎄🌠😌"
110;"Подготовим-ка мы на 4 неделе 12 месяца Огнище. А то уже со дня на день грядут сильные морозы. Эта зима мне нравится, главное, чтобы снежок и морозцы дотянули до новогодней ночи❄⛄🎄
Уже нарядили ёлку, украсили квартиру?
Делитесь в комментариях своими предпразничными уголками)"
111;"Занеслооо на 3 неделе 12 месяца 😅⛄❄
Хороша зима. Новогоднее настроение уже проклёвывается?)"
112;"Да защитит нас от простуды и насморка на 2 неделе 12 месяца Рыцарь-сопленосец. Зима пока зимняя, морозы, снежок, одевайтесь, не простывайте)
❄⛄"
113;"Заканчиваем осень и на днях уже встречаем зиму и 1 неделю 12 месяца.
Правда, встречаем её с Грибучим Болотом, лужами и дождём 😒
Уже как-то хотелось бы снега ⛄
Как настроение?)"
114;На 4 неделе 11 месяца ждём знаков космоса с Знаком Космоса.
115;"Лютонарка вы всё-таки расстроили (ну или вы всё знаете и он никому не нужен в помощь), поэтому Братуха-Миксуха и 3 неделя 11 месяца у нас. 📻 
Миксует так же, как природа погоду несколько прошедших дней. Тепло, снег, дождь, ветер, солнце. А подо что утром попали вы? 💨🌊🌿🔥"
116;Лютонарк-таки остался начать 2 неделю 11 месяца. И не уходит со своей рубрикой, а всё еще ждёт насущных частых вопросов😅🥴
117;"Что-то вы совсем притихли...
И о себе решил напомнить Кровомант Лютонарк со своей рубрикой платиновых вопросов.
Какие вопросы часто возникают? Какую рассмотреть частую ситуацию?
Пишите в комментарии

#платиновые_вопросы"
118;"Начать короткую 1 неделю 11 месяца не с кем, кроме как с Тормозуном.
Сегодня понедельник, а уже послезавтра пятница, так что терпеть недолго🍂 😜🍂🍁
Ну и с прошедшим Хэллоуином!👻 (Тормозун)
А вы обычно отмечаете, или нейтрально это событие?"
119;Видели вчера снежок? Сегодня ещё холоднее, поэтому поджечь нам 4 неделю 10 месяца пришёл товарищ Магмуд Поджигай. Может, это поможет не замёрзнуть и дотянуть до пледа с кофе по вечерам ☕🐹
120;"Зачуханный Комбайн и 3 неделя 10 месяца прибыли🌾🚜
Середина осени миновала, движемся к зиме. 
А какое время года из этих двух Вам нравится больше?🤔"
121;"Лорд Чернолорд был занят поиском своего напарника, сэра Мурррчингтона. Поэтому с задержкой начинаем 2 неделю 10 месяца 😼
Не теряйтесь и собирайте осенние красивые листики 😄🍁🍂"
122;Достопочтенный 🎩 Сэр Мурррчингтон спокойно встречает и провожает на 1 неделю аж уже 10 месяца. Дожди отступили, погода хороша, можно наслаждаться осенью, как это делает наш пушистый Сэр. А пройтись по парку с горячим кофе, так вообще сказка ☕🍁🍂
123;"5-я неделя 9 месяца 🍁
Эта осень отшагала почти треть своего пути, но пока немного отличается от картинки 😄
А вам доводилось видеть такое в реальности?🍂"
124;Предлагаю поделиться своими коллекциями на сегодняшний момент)
125;Заплываем в 4 неделю 9 месяца, которая ожидается крайне дождливой. А добавить яркости нам пришёл Пых Радужное Облачко. Вообще никак это не поможет, и бессмысленно, ну и ладно ☁☔🌊
126;"3 неделя 9 месяца.
Голосуем за партию Змея Героича, но он не выдвигался, эх 😅"
127;Какой чудесный день, утро понедельника 2 недели 9 месяца. Пытается согреть нас после резкого похолодания 🌞🌈
128;"Мой ход, читаю заклинание 📖🔮:
От Шафутиныча 👉✨
Календарепереворотное💫
Третье сентября💥

(Простите:D)"
129;"С Днём знаний, дорогие колдунишки!🦉🔮
Даже если вам не надо в школу, помните, учиться никогда не поздно.
Умён не тот, кто много знает, а тот, кто знает, сколько он не знает и старается узнавать новое.

P.s. Найдите и почитайте вот такие подобные книженции 😀"
130;"Что ж, видимо провожаем лето, хотя у нас погода уже хмурая и дождливая..☔
Так что готовимся встречать 1 неделю 9 месяца, как ни странно, с началом дебоша в Школе 🍂🍁📚

❗❗P.s. осталось меньше 2 дней до повышения цен https://vk.com/wall-113113497_996 , торопитесь, если планировали покупать что-то из списка."
131;Последние деньки лета,  4 неделю 8 месяца сопроводит Бабушка Сдобушка. Самое время навестить её (если ещё этого не делали 😑), накормиться до отвала. А что, скоро похолодает, надо копить тепло на боках 😄
132;"А цены-то на наших Магов все растут и растут 😤
Успевайте покупать, если вдруг планировали..

Черепламень, Спрутобойня, Болото и Дебош подорожают с 1290 до 1490.
Крутагидон с 1490 до 1790.
Хоромы не указаны, они итак уже 1790
🙄"
133;"Возвращаемся на работу в свои Спрутобойни на встречу к обитающим там твар.. коллегам и к 3 неделе 8 месяца. 
Возможно, сейчас последние деньки жары, дальше уже пойдут первые нотки осени."
134;"Встречаем 2 неделю 8 месяца.. со мной 😜
Всем последнего рывка этого лета и свежести 🌴🌊"
135;"Возвращение Дона Расслабона освещает 1 неделю 8 месяца. Наконец-то. Все расслабьтесь, будьте легче)
🕊🌴"
136;"4 неделю 7 месяца занимает Качалкин (победитель по жизни). Какую-то ему не ту вакцину вкололи, что его так разнесло 🤷‍♂. Он хотел попасть на Летние Олимпийские Игры 2021, но попал лишь на этот пост 🙄.
А вы смотрите Олимпиаду?)"
137;"Какую часть игры посоветуете взять? И почему вам она понравилась?

думаю корректнее рассказать в чем различия"
138;"3 неделю 7 месяца нащёлкал нам принц Щелкун. Давайте просто спокойно дождёмся выходных 🌳🌿
И, конечно, берегите орешки 🌰"
139;2 неделю 7 месяца 😥 в такой жаре.. 🤯встречаем исключительно с Солнцеликим🌞. Ищем источники воды и бережём головы от удара.
140;"Начало 1 недели 7 месяца задержалось из-за Мордоеда. Он-таки ходил изучать знаки школ магии (не то, что вы), но зачитался 🤓
Но зато теперь его броски мощнее для любого знака 💪
Копите мощь и вы)"
141;"Так как вы не хотите учиться и сдавать задания, 5 недели 6 месяца не будет.
А тем, кто в Москве, сегодня будет супер, суперливень, по прогнозу, поплавАем.
Никто не пришёл 💔
Поэтому фото дождя, а не магов :)"
142;"Поняяяятно, учиться вы не хотите. Что ж, вот вам тогда памятка.
Надеюсь, что-нибудь прояснилось теперь.
Какое направление вам ближе?
Какие любимые карты каждой школы или комбинации на них?)
Предпочитаете сосредоточиться на одном знаке или солянке, типа пережора?"
143;"Что ж, с такой 🔥погодкой на 4 неделе 6 месяца самое время отправиться.. в школу 😈🏫
А изучим мы наши уникальные знаки заклинаний. Точнее, направления школ магии, к которым они относятся.
Итак, рассказывайте, есть ли у вас предпочтения в картах по знакам, и что вы о них можете сказать?💫🔮
И берегитесь жары, пейте больше воды, не перегревайтесь на солнце."
144;C самого первого моего знакомства с игрой меня не покидала мысль, почему планшеты магов не имеют каких то механик в игре. Да конечно в крутагидоне немного изменилась ситуация. Хотелось бы конечно что бы разработчики встряхнули игру в новом дополнении такими изменениями. Но вот что я подумал по этому поводу , и решил придумать неофициальную модификацию правил бонусов магов. Просто начальный пример: Бухлон Алкомаг начинал бы с 25 жизнями, или с определенной тварью/артефактом. В общем пространства для фантазии и баланса много. Пишите комментарии что думаете и предложения бонусов :)
145;Здравствуйте , такой вопрос можно ли скачать где-то данную игру для того , чтоб распечатать , т.к я живу на северном Кипре и нигде не могу купить данную игру , и заказать сюда тоже не получается . Или может кто то собирается в отпуск сюда и может привести данную игру.
146;"На 3 неделе 6 месяца у кого-то лето, каникулы и отдых вместе с Принцессой Каникулой 💃🕺🌞🌊🌴. 
А кто-то батрачит с Сердиторогом 🌚🤓🤦🤦‍♀
На чьей стороне вы?"
147;"Братцы- и сёстры-колдуны, а задумывались ли вы, почему у Крутагидона такая рубашка карт? Что тут изображено?
Что-то я не врубаюсь, но резко заинтересовало🤓"
148;"Дождь-дождь почти на всю 2 неделю 6 месяца (но это неточный прогноз) нашаманил нам Джунг-Джунг ☔🌳
А вы рассказывайте, что нашаманили в своих партиях игр за выходные)"
149;"Проводим весну, встретим лето и начнём 1 неделю 6 месяца с дружелюбным пушистым волшебником Абракадабрадором 🐶🔮!
Погодка вместе с настроением будет постепенно улучшаться по направлению к выходным ☔☁⛅☀"
150;Всем привет. Недавно узнал, что в ЭСБМ можно сыграть через стим. Загорелся, (настолка просто вышка, но ооочень редко получается собрать компанию) но найду ли я единомышленников с кем можно покатать партию другую? Так вот вопрос, уважаемые знатоки: может в этой группе можно найти таких же оторвяг и провести вечерок-другой в треше и угаре? Буду рад, пишите в лс.
151;"Неохотно начинаем...😴 А? Начинаем с Тормозуном 4 неделю 5 месяца.
Точнее, минутку, что-то напоминает мне это 🤔 Короче, просыпаемся, ждём пятницу, всем удачи🌿 😴"
152;"Закончились долбанные дожди, началась долбанная жара, которую внезапно ""преподнесла"" нам Жанна Вжарк. Ну и 3 неделю 5 месяца заодно.
Не расплавьтесь, пейте больше простой воды!☀😤🌻"
153;Ребят, мб кто-то играл в Unmatched? Стоит покупать или расхайплинная херня?
154;"Неохотно начинаем...😴 А? Начинаем с Тормозуном 2 неделю 5 месяца.
Точнее, начнём завтра, со вторника, сегодня побездельничаем ещё 🌝☁"
155;"Поздравляю всех с Днём Великой Победы! 🌌🌌🌌
Счастья, добра и мирного неба над головой! ⭐
Пусть битвы будут только дружескими за настолками, и нигде более!"
156;"Пыщ с Тыдыщем проведут 1 неделю 5 месяца по-разному.. Пыщ будет отдыхать 10 дней, отдыхать и колдовать шашлыки, а в это время Тыдыщ будет недовольно работать  по обычному графику. 
Тем временем погода тоже не может определиться, как ей работать ⚘🌞🌬☔
А как дела у вас?"
157;На прошлой неделе Грибуля Дюк собрал в зельях не те грибы, что вызвало пошатывание  и протечку погоды. Да такое, что даже снег пошёл 🤓🍄❄. Поэтому чинить 4 неделю 4 месяца взялись Король Оберон 👑 и Розовый Бутончик 🌷. Надеемся, они всё исправят, и встретим новый месяц в комфортной погоде ⛅🌳🔮
158;"Оживающую природу, листья, траву и 3 неделю 4 месяца нам предоставляет Грибуля Дюк 🌲🍃🍄🌿
А я, тем временем, всё ещё ожидаю отзывов о Лютом дебоше 🤗"
159;"2+ неделю 4 месяца преподносит один из новичков - мистер Захарыч, вкалывающий на двух должностях.
А ещё поздравляю всех с Днём Космонавтики! 🌠⭐⭐⭐"
160;"Что ж, ребятишки-колдунишки, вы все молчите о том, как дела в школе, придётся мне самому сегодня наведаться и устроить внеплановую проверку 👿🏣
А пока я создал тему https://vk.com/topic-113113497_47560667 , чтобы все писали свои отчёты-изложения о прибывании здесь. И чтобы к концу дня все сдали свои работы! Иначе, не родителей вызовем в школу, а школу вызовем в ВАС.

Ваш любимый-нелюбимый директор 👹"
161;"Апрель! Апрель!
На дворе звенит капель.

По полям бегут ручьи,
На дорогах лужи.
Скоро выйдут муравьи
После зимней стужи.

Пробирается медведь
Сквозь густой валежник.
Стали птицы песни петь,
И расцвел... Дерьмонстр,

с которым мы и встретим 1 неделю 4 месяца. Как вокруг на улице везде, так и встречаем, уж извините))0)
Быстрой рабочей недели, не испачкайте свои белые кроссы и успехов 😼

P.s. Ах да, делитесь своими лютыми дебошами из новой части игры!"
162;"Встречаем Адскую школу и начинаем лютый дебош!
Новая часть нашей дерьмолюбимой игры в продаже🤑"
163;
164;"Что здесь было?
А, это наш старый знакомый Щекотунчик решил.. поэкспериментировать на 1 апреля 🤷‍♂
Но не беспокойтесь, всё вернулось на круги своя 🤪"
165;"На дворе весна, представители магии травы/природы устраивают настоящую эпичную и трешовую схватку:
Энт д-р Корней против феи Флоры!
Кто же победит 🤯"
166;"Поганый Мерлин украл понедельник, поэтому начинаем 5 неделю 3 месяца со вторника, попутно провожая первый месяц весны.
Удачки, и не окрашивайте спины белым и не развязывайте шнурки в четверг (1 апреля, никому не поверим) 😜😑"
167;"Для идеального баланса сегодня новости хорошие: лютый дебош в адской школе начинается! Новую часть ЭСБМ уже можно предзаказать 😈
Собирайте свои рюкзачки, волшебные и не очень палочки и прочее дерьмо, чтобы подготовиться преподать урок друзьям за новыми партейками 
🔮😏🎓"
168;"Сегодня с немного невесёлыми новостями. Очередное повышение цен коснулось Хором (+300 руб) и Крутагидона (+200 руб).
Хоромы итак дороже остальных частей, и теперь ещё дороже. Дорожают, видимо, яйки под жетоны болезней 🙄.

Кто хотел приобрести, торопитесь сделать это до 1 апреля по старым ценам (так себе пошутили Хоббики в этот раз)."
169;Вот-вот уже должно потеплеть на улице... Поэтому ожидаем и начинаем встречать 4 неделю 3 месяца и весеннее обострение вместе с Сатиром-Менестрелем 😜🎶
170;"Ну что, все ознакомились с Социальным статусом из грядущей новой части нашей мерзкой любимой игры? Правила давно прикреплены, но я вас знаю, ленивые чертяки, поэтому вот.
Делитесь в комментариях мыслями и предварительными впечатлениями про новую механику🎓🔮"
171;"Сожгли Масленницу - проводили зиму.
А продолжаем ждать нормальную весну и встречаем 3 недельку 3 месяца вместе с Бабушкой Сдобушкой. И надеемся, что она ещё угостит нас блинчиками (или пряниками, что вряд ли 😅), а не магическими люлями 😬
Хорошей всем недельки!"
172;"Пережив 8 марта, госпожа Брита объявляет начало 2-й недели 3-го месяца. Неделя слегка покороче, поэтому должно быть немного легче ждать выходных 🙄.
Только вот опять морозы нападают неслабые, так что не замерзайте, товарищи маги ⛄"
173;"Ну, граждане маги, колдуны, волшебники, тунеядцы, хулиганы, нас набралось уже 400!
Так держать!⭐⭐
Наберём ещё больше ✨🔮😀"
174;"Встречаем первый день весны вместе с доктором Корнеем Дуболомом! 🔮🍃
Пусть он заряжает нас энергией, пока мы пытаемся не утонуть в лужах от сугробов 🌊 
Всем успехов!
И активнее делимся вашими игровыми ситуациями в альбомах и обсуждениях 🌝

P.s. Добавил в документы правила к новой части магов. Изучаем)"
175;"В предпоследний день зимы начинаем ждать весеннюю новинку!
«Эпичные схватки боевых магов: Лютый дебош в Адской школе» скоро в продаже 😎
https://vk.com/wall-10077862_168889"
176;"4-я неделя 2-го месяца у нас начинается в среду. Ещё немного, и снова выходные 😍 Спонсор краткой недельки - Дон Расслабон: ""Расслабьтесь, сегодня понедельник, послезавтра уже пятница"" 🌈👌

Сыграли на прошедших выходных?
Делитесь своими историями 🤪"
177;"Впереди увеличенные выходные, а значит, самое время собрать друзей и устроить эпичное месиво!
Не забывайте при этом делиться забавными и не очень заклинаниями/ситуациями в альбоме https://vk.com/album-113113497_275831554 , а так же делитесь вашими секретами и тактиками Крутагидона (да и не только его) https://vk.com/topic-113113497_46957103 .
Отличных всем выходных! 🔮🎉"
178;Есть кто в Краснодаре? Хотелось бы сыграть
179;"Хочу офлайн турнир устроить.
Кто хочет присоединиться?
Москва."
180;"Ну что, раскопались от снега и вылезли по делам/работам? Неделя 3 второго месяца - неделя Профессора Ахалая. Наверняка он своей шальной магией наколдовал нам столько сугробов (хотя, мне очень даже нравится 🤗).
Помните об увеличенной рабочей неделе 😖 Но зато потом большие выходные и короткая неделя - идеальный баланс (один фиолетовый зашёл в чат). 
Не мёрзните и удачи!"
181;"Нашёл тут на сайте производителя, что был промо-набор Крутагидона (Epic Spell Wars of the Battle Wizards: Annihilageddon Promotional Kit).
Плеймат шикарен 😱
Жаль, что у нас такого не издавали.
Может, кто-то урвал себе всё же такой наборчик, хвастайтесь)"
182;"Объявляем 2 неделю 2 месяца 2021 года неделей Щекотунчика. 
На дворе жгучие, словно магия угара, морозы. Но близится День Влюблённых, и пусть заклинания щекотки согреют вас от холодов и радуют любимых 👫🔮❄❄❄"
183;"Первым в рубрике рассмотрим вопрос про взятие и получение карт в Крутагидоне. Довольно тонкий момент, могли бы сделать другой термин или дополнительные уточнения в правилах.
🤔
Итак, эта часть серии - колодостроительная игра. Вы играете своей личной колодой, которую обновляете и улучшаете. Все обращения ""взять карту"", ""сбросить карту"", ""под вашим контролем"" относятся только к вам, вашей личной колоде и сбросу. Если это иначе, и нужно брать из другой колоды, сброса или стопки, то тогда на конкретной карте будет прямо об этом написано: с чем/чьими картами нужно взаимодействовать (простейший пример - шальная магия). 
🙌🔮
Теперь разберём разницу между ""возьмите карту"" и ""получение карт"".
Взять карту(ы), стандартно, берёте указанное количество карт с верха своей личной колоды.
📚
Получение карт (см. так же вырезку из правил) довольно редкий эффект, который есть в 3 основных случаях, которые я помню (если нашли ещё, обязательно дополняйте в комментарии):
1. На картах беспределов (примеры прикреплены). Беспределы M, J, U указывают однозначно взять карту именно с основной колоды (а не вашей личной). На J даже указано то злосчастное слово ""получить"" 😀.
2. Редкий, но удачливо жестокий вариант - Шальная магия. Когда у соперника раскрыли постоянку, таким образом, вы получаете эту постоянку себе, и теперь она часть уже вашей колоды.
3. Эффект некоторых карт позволяет перекладывать в сброс/на руку сопернику свои карты (например, Жезл свинства, или если у игрока есть Р'льех), это тоже считается, что игрок, которому такие образом положили карту, ""получил"" её.

Итог: кратко говоря, взять - вы берёте из своей колоды, а получение - когда откуда-то иначе из-за различных эффектов (но не путать с покупкой 😄, покупка - это покупка, уже третье  отдельное дейсвтие).
Надеюсь, это Вам сможет помочь разобраться в данных моментах.
Если сам где-то ошибся, укажите, поправим обязательно.

#платиновые_вопросы"
184;"Некоторые, моменты в игре (иногда элементарные) вызывают постоянные вопросы, поэтому можно иногда заводить рубрику ""платиновые вопросы"" (повторяются > 5 раз) 😀
Например,
В: что такое уникальный знак?
О: Указаны внизу каждой карты заклинания с типом. Всего знаков пять: трава, порча, кумар, мрак, угар.
Если в заклинании три карты травы - это 1 уникальный знак, а не 3.
А если трава+мрак+трава, то это 2 уникальных.

P.s. пишите (можно в сообщения группы), какие ещё вопросы можно занести в эту рубрику. Всем магии!

#платиновые_вопросы"
185;Есть кто нибудь с Москвы или области кто готов вмест4 поиграть ?)
186;"В этом году нас точно ждёт пополнение коллекции - Epic Spell Wars of the Battle Wizards: Hijinx at Hell High!
Но по допам к Крутагидону инфы нет, .
увы."
187;"Есть ли у Вас в Крутагидоне определённая тактика, которой придерживаетесь? Всегда просто скупаете самую дорогую карту, копите кучу мощи или играете чётко на своё свойство?
Пишите в комментариях подробнее ваши стратегии и тактики 🤔 https://vk.com/topic-113113497_46957103

А в опросе можете указать, на что делаете упор 💫"
188;"Задавайте свои вопросы в новую тему, а не на стену:
https://vk.com/topic-113113497_46930589
Более точно пишем, чтобы легче было искать уже разобранные моменты 🔮🙌"
189;"Добавляйте Ваши интересные комбинации, забавные названия заклинаний, эпичные ситуации
https://vk.com/album-113113497_275831554"
190;Какая часть Вам понравилась больше всего?
191;Сокровища остаются до конца  игры  или сбрасываються при первом использовании?
192;"Подскажите, что лучше взять и почему? (раньше не играла в эту игру )
Крутагидон /переполох в хоромах страсти"
193;"Есть вопрос по поводу тварей в игре. Что считается тварью в игре? 
Это карты которые остаются после клича ""Стоять"" или это любая раскрытая карта в ходу где написано ""тварь""?"
194;"Всем добрый вечер есть вопрос по Крутогидону кога на каре написано ""Возьми карту""(Допустим как в карте Двойняшке или допустим свойство когда за каждого волшебника нудно в конце хода взять карту)ее нужно брать из своей колоды в руку или из основной в сброс ? Просто в правилах написано по получению карт вот как написано что нудно немедленно брать и ставить сброс и увы не сказано откудо , но потом сказано что если попалась карта беспределе а беспредел может попасться только в основной колоде. хелп помогите разобраться"
195;"Всем привет! Вчера опробовали Крутагидон и возникла дискуссия на предмет того, как переходит главный приз другому игроку. В правилах, увы, чёткой однозначности нет (лишь в примере с беспределом вяло указывается, что приз у тебя могут отхапать, если источником беспредела был другой игрок и ты погиб). Итого у нас возникло два варианта:
1) Приз передаётся только в том случае, если убили держателя приза.
2) Приз передаётся каждый раз, когда кто-то кого-то убивает. 
Какой из вариантов верный?"
196;Мне тоже будет наносится урон? Столько сколько карт мне передал враг
197;Здраствуйте, интерисует вопрос, играем в 2ем, убиваю соперника получаю звезду за добивание. И тут же получаю звезду за выжевшего. Правильно понимаю?
198;"Возможно один из самых забавных вопросов::
Как понимать понятие ""враг ЖИВУЧЕЕ/ХИЛЕЕ"", это ВСЕ протмвники, у которых больше/меньше жизней чем у тебя, или только один игрок, наиболее к тебе приближенный? Просто очень смущает строчка ""В случае ничьей ты сам выбираешь, кто будет считаться живучее или хилее""
(Переполох в хоромах страсти)"
199;подскажите, нежданчик можно применить только при смерти на своём ходу или его можно разыграть в раунде,даже если умрешь не на своем ходу?
200;"Подскажите какую игру из 4 стоит приобрести? Интересует  самая сложная и ""навороченная"""
201;Если ты разыгрываешь карту где написано в эффектах -возьми две карты(к примеру). Ты берёшь их из своей колоды, и ты их можешь сразу же разыграть, или ты кладёшь их в стопку сброса???
202;Как работает рлех или как его получить себе как кубок. В правилах о нем ничего не написано(крутогидон)
203;Объясните карточку, имеется ввиду сколько тварей на данный момент в раскрытых заклинаниях или что?
204;"Опишите, пожалуйста, порядок серии игр(какая первая вышла, какая последняя).
Стоит начинать с самой первой или это все субъективно?"
205;В игре 3 человека, 1 умер и осталось бойня 1 на 1. Тот, кто первый умрет должен брать сразу после смерти взять карту Дохлого Колдуна или он не должен брать ее вообще?
206;Если складывать 2 и 4 части как быть с бонусами от замков? Складывать или лучше выбрать что то одно?
207;"Купил вчера эпичные схватки боевых магов бесчинство в замке спрутобойни, поиграл и столкнулся с некоторыми вопросами:
1. Если на карте твари написано, что целью является враг с наибольшим количеством крови, а у всех по 0, то как выбирается цель?
2. Твари, к которым применяется свойство «стоять» остаются до тех пор пока их не убьют?
3. Твари, к которым применятся свойство «стоять» можно разыгрывать 4 картой в своем следующем заклинании? И обязательно ли это? 
4. Если игрок, который не разыгрывал свои заклинания умер, то он остается мертвым до следущей партии или же он все таки должен разыграть заклинание будучи без жизней?
5. Карты дохлого колдуна берут мертвые игроки когда все закончили с заклинаниями? И берут ли их те, кто умерли в этот «раунд»?
6. Если на могучем броске написано, что жертва - игрок без тварей, а твари у всех есть, то просто кидаются кубики и урон никому не наносится?"
208;"Добрый вечер. 
Вопрос по Крутагидону. Там в комплекте шло промо. Так вот нигде не могу найти инфу, что это за карты."
209;Подскажите, если у врага нет сокровища, он прлучает автоматически 3 урона или как эта карта действует в этом случае?
210;При отборе сокровища или твари у врага ты его должен играть в этом ходу или только в следующем?
211;Стоит ли покупать 1 серию для смешивания? Судя по описанию она самая простая и никаких механик интересных не вносит как остальные дополнения. Просто лишний набор карточек
212;Кто считается победителем партии если ты убиваешь мага, а он вытягивает карту дохлого колдуна который убивает тебя? Речь о 3 серии игры. Есть карта ДК - немедленно вытяни 8 карт и сыграй все колдунства если это возможно. По логике каждый получает по черепку за убийство, но никто не получает жетон последнего выжившего?
213;Подскажите сколько серий данной игры существует и какие можно смешивать
214;Снова всем привет, сегодня тестили с друзьями 3ю часть и столкнулись с такими нюансами, что есть карты, где указано положи на вверх колоды заклинаний, возьми с колоды заклинаний на руку, или возьми из колоды закл. и добавь в свое заклинание, а есть просто возьми с колоды...и куда? добавить к заклинанию или в руку ? И просто возьми 1 , как указано в сокровищах, и откуда брать не уточняется ... с колоды или с руки ?
215;Всем привет, такой момент, читал правила 3й части (почему-то во 2й не обратил внимание) и пишется про ситуацию, когда кто-то открывает неправильное заклинание (например наворот и два прихода), то он обязан убрать лишнию в сброс, чтобы заклинание было правильным, но если он уже сыграл неправильное заклинание, то лишние забираешь на руку и пишется, что до определения хода... но разве ход не определяется до того как ты можешь сыграть заклинание? В 1й части например сказано только про открытие заклинания и сброс...
216;"Вопрос
Если в заклинании в навороте карта, которая даёт право ходить первым, но имеется в приходе шальная магия ( имеющая инициативу 0) будет ли игрок ходить первым или все таки нет?"
217;"У кого выпало тоже, что и  на одном или нескольких твоих кубиках, получают урон...
Например выпало 1 и 2, то есть враги получают урон если выпадает у них 1 или 2? А как понять на нескольких кубиках, это не значит что нужно сложить первый и второй и получится, что враги получат урон если выпадет 1,2 и 3???"
218;Если в условии карты говорится, что враг должен сбросить карту наворота из своего заклинания, но, у врага карта наворота лежит шальная магия, должен ли враг сбрасывать шальную магию? И не брать карту наворота?
219;"Добрый день. Возник вопрос по игре ""крутагидрон"". Если в карте написано ""возьми карту"", то надо карту взять из своей колоды или из общей колоды?"
220;Здравствуйте возникли вопросы по игре, считаешься ли ты сам себе врагом ? Если да то в каких случаях можно узнать желательно в подробнастях, и следующий вопрос по сокровища они одноразовые или как ?
221;"Добрый вечер, 
Возник вопрос по Крутогедону.
Если человек собрал 2 карты ""драконьи яйца"", каждая карта даёт по 5 очков или в сумме обе карты дают 5 очков?"
222;Добрый день. Играю в игру крутогедон, очень нравится. Хочу как-то найти 3 планшета на недостающих колдунов, так как у меня нет предыдущих частей. Есть ли у кого оцифровка или может кто знает где достать? Нашел пока что только озорного щекотунчика.
223;Доброго времени суток, не могу понять зачем существует гребучий гриб  в месиве на гребучем болоте, рулбук молчит(по крайней мере не нашли с ним правила)
224;Куда мне настольные игры класть.
225;Делитесь своей коллекцией
226;"Всем салют, очень понравилась настолка, но есть вопрос, для чего нужны заклинания добирающие карты в руку, если в конце раунда все пополняют руку до 8 карт?
Оправдали добор только взятием колдунства, но этого маловато, так как колдунство присуще только одному дополнению.
И еще кто как решал вопрос с очередностью взятия карт в конце раунда, это важно, например при использовании заклинаний которые кладут  карту в колоду заклинаний."
227;"Всем привет. Подскажите, пожалуйста, порядок всех частей (по названиям, какая часть как называется).
И какую посоветуете купить🤔"
228;С основной колоды или со своей?
229;Здравствуйте, после того когда игрок погибает и начинается новый раунд другой игрой который не умирал восстанавливается до 20 жизней или нет?
230;Ребят какие протекторы для магов покупать?
231;Враг должен показать все свои карты или тварь должна быть выложена? Тварь берётся на руку или в игру? Если я выбрал врага, а у него не оказалось тварей, выбираю другого?
232;Ребят помогите, что это значит, ты выбываешь из игры до конца, или это просто карта ничего не делает?
233;Есть все 4 части, хотим играть в 6-ом, совмещая все части, решили, что замок будет давать и защиту от зпмп и литры крови в конце раунда, кто-то так уже играл? Может есть какие-то нюансы или противоречия, которые мы не учитываем?
234;Где можно узнать подробнее про разработку игры, и в каких годах какую часть выпустили?
235;Еще такой вопрос, в правилах пишется, что я могу защититься от групповой атаки, в данном случае, я защищаюсь от того, чтобы не кидать свою карту в сброс врагу или же от урона его карты, что он мне положил в сброс?
236;Всем привет, купил недавно 5ю часть, Крутогидон, и хотел бы узнать: 1) у всех ли неполное название карты или только у меня, кто знает как полностью будет звучать? 2) избежал, в плане отсутствует карта стоимостью 5 и больше или же защитился , но если пишет, что урон перенаправляется на врага?
237;"Кто может подсказать по этой карте ?
Если вылечиваешь 2 зпмп, то 10 жизней накручиваешь ? Или так же 5?"
238;Как соединить две колоды разных частей настольной игры эпические схватки боевых магов?
239;Добрый день. Хочу приобрести одну из версий игры. С какой лучше начать? В интернете особо нет подразделений на 1,2,3,4 части и не могу понять в чем их разница. Разъясните пожалуйста.
240;Подскажите пожалуйста по 4 части игры. 1  в картах указано забрать зпмп из мешонки, одно передай, могу ли я выбрать и забрать себе то, которое выбрала или же рандомно отдать любое из них. 2 передай зпмп, Кто выбирает какое передавать? Кто  кастует заклинание ? У кого забираю зпмп? Или без выбора тяну любую? 3 тоже самое, я могу выбрать зпмп, которое мне больше нравится или же хозяин сам отдает зпмп на его выбор ?
241;При смерти надо брать 1 карту мёртвого мага ведь?
242;"Что означает ачает когда на приходе выподает значение стоять, желательно поподробнее? 
(версия настолки на болоте что-то там)"
243;Народ, есть эта игра онлайн, кто подскажет ссылочку на игру?
244;Что значит закрытые перед ним карты? Типо нанесити 1 урон за каждую закрытую карту перед ним, как это работает?
245;Подскажите пожалуйста,что значит нанести один кубик урона?
246;Когда играть только что полученное сокровище, когда играть тварь, которую отжал у другого игрока?
247;"Всем доброго времени суток. Есть несколько (много) вопросов по Крутагидону. Буду крайне признателен, если поможете разобраться:
- Сколько атак можно отразить? Столько, сколько есть карт защиты на руке? 
- Надмозг - Атака: выбранный враг сбрасывает 1 карту со стоимостью 5 или больше. Если он этого избегает, то отхватывает 5 урона. -
Что подходит по условие ""Избегает""? Если нет карты на руке со стоимостью 5 или больше, это считается, что противник избежал атаки и можно нанести 5 урона? Или под ""избежал"" считается только когда была использована карта защиты? 
И враз сбрасывает карту к себе в сброс или в колоду уничтоженных карт? 
- Генитальные гарпии - Атака: нанеси 2 урона каждому врагу за каждую вялую палочку под твоим контролем и в твоей стопке сброса. Если атака не нанесла урона, возьми 1 карту. -
Что значит не нанесла урона? Здесь как в случае с ""Избежал""? Если у меня нет вялых палочек, то беру карты из основной колоды? 
- Золотая немолодеж - Постоянка: в начале каждого хода накручивай 1 жизнь за каждую постоянку под твоим контролем. - 
За постоянку помимо Золотой немолодежи или она тоже учитывается? 
- Гнойный трепанатор - Атака: каждый враг сбрасывает 1 карту. -
Сбрасывает на свое усмотрение? И сбрасывает в свою стопку сброса или уничтоженных карт? 
- Некромантика - Атака: выбери ЖДК под контролем выбранного врага, поменяйся с врагом жетонами дохлых колдунов, затем примени свойства обоих жетонов. - 
На ком применять свойства? Только на враге? 
- Драконьи яйца - Постоянка-защита: когда карта находится в игре, можешь ее сбросить, чтобы избежать атаки. Если сбросил, возьми одну карту. Если у тебя обе карты яиц, эта карта приносит 5 ПО. -
Постоянка-защита - это как? Я не могу же ее выложить перед собой? 
- Блеватико - Возьми 1 карту. Каждый раз, когда получаешь или покупаешь карту во время этого хода, разыгрывай атаку: наноси выбранному врагу столько урона, какова стоимость полученной карты. - Если я каждый раз беру карту как написано в начале, то получается в любом случае выполняю атаку? 
- Билли Адиш - Если это первая карта, которую ты сыграл во время этого хода, сбрось все карты и возьми 4 карты. -
Взять из общей колоды и положить в руку или свой сброс? И сбросить 4 карты в свою стопку или в стопку уничтоженных? 
- Кровавый банщик - Атака: выбранный враг раскрывает все карты на руке и отхватывает столько урона, какова стоимость самой дорогой карты из раскрытых. - 
Карты сбрасывает потом или обратно в руку? 
- Гора черепламени - Постоянка: когда ты первый раз за ход разыгрываешь волшебника, бери 1 карту. - 
Если у меня на руке 2 карты волшебников, то свойство срабатывает, как только я положу одну из них? Если кладу второго волшебника, то уже не беру карту?"
248;Подскажите, на двоих вообще интересно играть и сильно ли отличается механика игры? Какие нюансы есть в связи с этим, или на счёт этого вопроса есть инфа в правилах, заранее спасибо за ответ.
249;Что если у меня уже есть захваченный замок?
250;"Добрый день,подскажите пожалуйста, играем в игру вдвоем, и один из нас остается без жизней (колдун умирает), после этого берется карта дохлого колдуна. сбрасываются карты с руки и сокровища только у мертвого или у обоих игроков?
И второй вопрос, если у одного игрока нет нет жизней, как убить дохлого колдуна ?"
251;"Добрый день. Не играл ни в одну из частей. Хочу взять Крутагидон.
Она более интересная по механике чем предыдущие и увлекательнее?"
252;Как сыграть эту карту? 🤔 У меня если в руке 3 карты (уже одинаковых. Например порчы)
253;Как сыграть эту карту? (какие карты одинаковые? Кроме шальная магия)
254;"Всем привет! Накопилось вопросов:
1) ""От Шлюхопряда"", как быть если у всех выпало 6ки. У меня 5 + 1 к результату. Перебрасываем кубики или как быть, заражаемся ЗПМП или нет.
2) ""От Отсос-они"". У врага есть сокровище ""печать главного засранца"". Я могу забрать это сокровище себе?
3) ""Гостинцевый"". Если у меня нет на руке прихода, могу ли я добавить шальную магию и потом с колоды заменить ее на приход?
4) ""Фейханальный"". Могу ли я сбросить шальную магию, что бы накрутить жизнь?"
255;что работает раньше сокровище на накрутку жизней(золото дураков) или заклинание на урон ?
256;Добрый день. Возник вопрос по свойствам в игре Крутагидон. В конце своего хода возьми дополнительную карту за каждого волшебника, которого ты купил или получил на этом ходу. Вопрос. за купленных волшебников понятно, а вот о каких волшебниках речь, которых я получил? Имеется ввиду за каждого волшебника которого я получил в свой ход разыгрывая например карты - возьми карты из колоды, сброса, или колод соперника по шальной магии? Или как? Кто уже сталкивался с этой дилеммой?
257;О да , приветствую тех кто ещё не убил своих друзей , во время споров о правилах игры ....
258;"Привет. Возник спор по новой части игры (крутагидон)
В правилах сказано, что свой сброс мы держим в открытую, но может ли противник взять мою колоду сброса и просматривать её полностью? Или только карту сверху?
Вопрос принципиальный, тк нужно посчитать очки, а запоминать у кого сколько, когда играет 5 человек, довольно проблемно)"
259;"Много интересной информации о 5 части основной игры и о втором Крутогидоне

https://youtu.be/wcVS123I9ZM"
260;Ребят, что-то странное, заметил только что. Купил Бесчинство в замке Спрутобойни, а на рубашке карт написано Битва на горе Черепламени. Так и должно быть или что-то где-то напутали?
261;"Добрый день!
Помогите решить вопрос по игре,не нашли в правилах рекомендаций на этот счет.
Ситуация: игрок разыгрывает Академика Мухожука,который добавляет к заклинанию карту с верха колоды заклинаний.Верхней картой в колоде оказывается Шальная магия.
Что делать в этой ситуации?"
262;Когда удача сегодня повернулась к тебе чем надо. Красивой филейной частью.
263;Таакс. Если я не хочу отдавать свою тварину, и я уже сходил, а аппонент кастонул этот попкорновый наворот , то я же могу послать его лесом и не отдавать тварь?
264;Кто-нибудь уже приобрёл, играл в Крутагидон (ну и перевод, конечно)?
265;Ребят,есть кто продаёт эту настолку,куплю
266;Всем привет. Игра переполох в хоромах страсти,зпмп трындецит скидывается но все равно считается заражённым. Что это означает?
267;Ребята подскажите пожалуйста, что значит за каждую закрытую карту перед ним?
268;"День добрый, а есть пдф файл правил для боевых магов сразу со всеми дополнениями?
Чтобы была одна книжка, а не 4)"
269;"Добрый день.
Подскажите плиз, какая часть самая интересная и при этом не самая сложная ?) 
Битва на горе Черепламени?
Бесчинства в замке Спрутобойни?
Мессиво на гребучем болоте?
Переполох в хоромах страсти?

Играть будем первый раз, но хочется самую интересную часть сразу приобрести))"
270;"Как разыгрывается эфект нескольких тварей? Допустим у меня в заклинании 2 твари разыгранные на этом ходу.
Их эффекты будут считаться одним могучим броском, или для каждой твари отдельно делать броски?"
271;"Спор вышел с товарищем по этой карте. Подскажите: кто кому тут накручивает жизни в 1-ом пункте (тому кто это заклинание кастанул или жертве)? 

Кто кому накрутит жизни в 3-ем пункте?"
272;"Скоро наступит Аннигиладон!
А нет, не совсем)
https://vk.com/wall-10077862_127187"
273;Народ, подскажите по поводу такого рода карт, текст с колдунством. Что значит можно добавить эту карту? Т.е. я могу оставить ее на руке, но в любой момент или в начале открывания заклинания скинуть 2 прихода с руки и выложить ее к заклинанию?
274;"Это реклама извините :(
В общем я сделал свою версию магов для Table Top Simulator, это симулятор стола где все играют в настолки. В мою версию входят все дополнения на полностью русском языке.
ВАЖНО - это не просто перенесенная игра, в ней скорректированы правила, добавлено множество новых механик и 90% карт переработаны.
Я буду регулярно обновлять игру.
Если вам интересно, можете перейти в мою группу вк посвященную этой версии - https://vk.com/epicspellwarsofbattlewizards
Задавайте любые вопросы на всё отвечу
Ещё раз прошу прощения"
275;Скажите я же вылечу свои жизни столько же сколько мне нанесли урона или от зпмп зависит?
276;Какую часть настолки посоветуете?
277;Здравствуйте. Подскажите, что значит 1  урон за каждый уникальный знак в твоём заклинании?
278;народ, все 4 версии одинаково интересны? или есть прям лидеры?
279;Обалденно :)
280;А что мне даёт эта инициатива?
281;Скажите, пожалуйста. можно ли играть больше, чем 6 игроками? Например, соединив 2-3 части вместе. Или они все отдельно играются? И если возможно, то какие части лучше совмещать?
282;Кто знает когда выйдет переведённая на русский пятая часть?
283;Хотел уточнить, я захватываю замок каждый раз, когда новый бой (если у меня его отжали до этого), или только, когда вытянул сокровище?
284;"Ребята решил купить настолную игру что бы играть компанией , что то трэшовое и угарное , динамичное .
Выбор остановился на Магах , скажите какую версию игры стоит купить самую первую💣💣💣😆
Заранее спасибо)"
285;"Эпичные схватки боевых магов: Переполох в Хоромах страсти 
С какой игрой (частью , желательно название ) можно совместить из всех частей?"
286;"Добрый день! У меня вопрос по ""Грибучему болоту"" Боевых магов: как считать уникальные знаки в заклинаниях? Интуитивно, вроде, понятно, но в правилах есть пример, который абсолютно сбивает с толку: составлено заклинание из ""Трава"", ""Трава"", ""Мрак-Порча"" и написано, что тут нет 4 уникальных знаков, но потом с помощью колдунства добавляется еще одна карта со знаком ""Мрак"" и утверждается, что в заклинании стало 4 уникальных знака. Почему так? Т.е. уникальный знак - это просто знак на карте? А поскольку каждая карта заклинания имеет знак/знаки, то в таком случае количество уникальных знаков зависит просто от количества карт в заклинании (+бонусы от дохлых колдунов и т.п.)? Тогда получается легко нанести большой урон, наносимый за каждый уникальный знак в заклинании."
287;"Здраствуйте. Вот играем с друзьями и проблемы с сокровищами. Мы не понимаем, они работают на владельца или на других. 
Если на владельца, то это скорее проклятие, чем сокровище. Все верно? Или же можно использовать в определенный момент использовать, а не постоянно? И что означает переброс? Как он работает в проверке силы? Она работает от карт ""Перебросьте куб во время проверки силы""?
Заранее спасибо."
288;Скажите пожалуйста, при смерти, когда играешь вдвоем, если один игрок умирает, что становится с жизнями? Так и останется 0 и потом пытаться зарабатывать жизни, или все таки здоровье прибавляется в следующем раунде?
289;Где можно купить промо карты заклинаний/персонажей/сокровищ?
290;"Что значит ""закрытые карты""?"
291;Трындецит как работает кто в курсе? Наносит урон и убирается в мешонку и заразность остается?
292;"Доброй ночи такой вопрос
Все игроки прибавляют 1 за каждый уникальный знак
Или только тот кто кастует"
293;Народ, есть у кого сканы героев из первой части?
294;"Всем привет. Может кто-то отдает/продает карточки тварей? С великим удовольствием преобрела бы. Покупать целую игру для этого не хочется, а в первой части нет крови и тварей. Это намного более скучно :)
В общем, дайте знать, плиз!"
295;Всем привет, хотел спросить за это сокровище, тут имеется ввиду , что любое число , что выпало можно перекинуть, не зависимо от кол-ва кубиков?
296;В коробке с игрой должны быть две одинаковые пачки карт?
297;"Народ, 5 часть отдельная?
Или тоже совместимая?"
298;"Аннигаладон вышел.Стоит он 40$(2568 рублей)
Так-же создатели сделали специальную экслюзивную фигурку за 66$(4237 рублей)
P.S Создатели выпустят набор в честь выхода игры который будут продавать за 20$ организаторам всяких конкурсов и турниров(есть шанс что хобби ворлд раздобудет)"
299;Добрый день. С какой части лучше начинать покупку данной игры? Планирую в подарок.
300;"Всех приветствую.
Есть первая часть, которая битва на горе черепламени. Хотим докупить к ней еще одну. Какую посоветуете?"
301;"СПб 
 
Продаю КОРОБКИ от 1-3 частей Эпичных Схваток Боевых Магов. Вдруг кому-то нужны, у меня все 4 части в коробку от 4-ой части поместились. 
Цена договорная."
302;"Здравствуйте, у меня к вам вопрос, подарили вчера настольную игру ""Эпичные схватки боевых магов: Месиво на грибучем болоте"". Мы так и не разобрались как правильно использовать карту ""Попкорновый"". 
Вот смотрите, расклад такой: 
1. Первым ходит мой враг (игра один на один). 
2. Использует заклинание ""Попкорновый"". 
3. Тварей у меня нет. 
4. Передо мной лежат 3 карты моего заклинания, рубашкой вверх (закрытую)[черной стороной]. (заклинание состоит из ""заводилы"", ""новорота"" и ""прихода"") 
5. И к примеру, на руках из 5 оставшихся у меня карт осталось 2 ""новорота"", 2 ""заводилы"" и 1 ""приход"" 
6. Карта нам гласит: 
""Враг по твоему выбору(это я, ибо игра 1на1) может отдать тебе 1 свою тварь, находящуюся в игре(тварей у меня нет). Если он этого не сделает, то должен сбросить всех закрытых ""заводил"" и все закрытые ""новороты"" из своего заклинания."" 
7. То есть я должен скинуть, заводил и навороты: 
a) 2 карты из своего заклинания. 

или 

б) 4 карты оставшихся у меня 2 ""новорота"" и 2 ""заводилы"" 

По большей части встал такой вопрос если вариант: 
а) то почему там написано ВСЕХ закрытых ""заводил"" и ВСЕ закрытые ""новороты"", когда в заклинании всего может быть один ""новорот"" и один ""заводила"" при начале хода. 

а если вариант: 

б) то тут все ясно. 

Помогите пожалуйста, если вариант а) то уточните почему там написано ВСЕ и если ВСЕ то это какие карты) 
Заранее спасибо!"
303;Поясните за нежданчик, в правилах очень скомкано и поверхностно описано, скидывает ли игрок все карты когда сработал нежданчик или он скидывает только его, а если он его скидывает и у него теперь заклинание из двух карт состоит начинает ли он ходить раньше и т.д .?
304;ребзи какую часть лучше брать 2 или 4? я так понимаю все части являются самостоятельными играми?
305;"Внутренности Анигилядонна(+постер на сайте издателя)
P.S Нашёл превью игры"
306;Хотел спросить , никто не знает почему тут изображен такой приход, хотя в игре его нет,или только у меня его нет?
307;Такой вопрос (Бесчинство в замке спрутобойни) - если на карте твари нет команды стоять остается ли она в игре, или сбрасывается?
308;Посоветуйте какую версию купить? Куплю только одну, дополнять потом не планирую.
309;Приветствую. есть в Москве где поиграть или с кем Эпичные схватки боевых магов?)
310;"Вопрос по сокровищам и дохлым колдунам:
Сокровища - Когда их использовать? Допустим, в карте моего заклинания написано взять карту сокровища. Я её беру. А дальше? Я могу ее хранить при себе и использовать, когда захочу? Или я должен применить ее действие сразу, как достал?
И еще на некоторых сокровищах есть особый знак. Этот знак будет считаться частью моего заклинания только после того, как я применю действие сокровища? И по поводу их использования. Когда я использую сокровище, оно отправляется в стопку сброса?
ДК - Вообще не очень понимаю как они работают. Вот в карте моего заклинания написано взять карту дохлого колдуна (а я еще жив, соответственно). И что с ней делать? Припрятать и ждать, пока я подохну? 
А теперь вообще про их действие. Вот, я умираю, и беру карту дохлого колдуна... иии, что дальше? (Игра на двоих)"
311;Как использовать данные карты?
312;"Куда взять карту? А так же есть обычные карты в которых написано ""возьмите карту"" но не написано куда, как понять?"
313;Здравствуйте! Подскажите пожалуйста. Как действует карта шальная магия, если у меня на руках есть наворот, приход и заводил. Я могу вместо любой карты её поставить?
314;Кто-нибудь продает б/у версию Бесчинство в замке Спрутобойни ? (ну или на крайняк любую другую, кроме болота)
315;Я правильно понял, что все части можно комбинировать?
316;Какие карты считаются закрытыми? Это те что на руке?
317;"День добрый, а подскажите как пользоваться картами дохлых колдунов при игре вдвоем? 
И вообще на двоих есть ли какие-нибудь особенности?"
318;Есть в москве кто играет на постоянной основе? Мы с женой уже устали друг друга убивать, готовы бросить вызов и сразиться с опытными игроками или научить новичков для игры на постоянной основе, у самих 3я редакция
319;Напишите пожалуйста как называется первая часть,втора,третья,четвертая...
320;Только приобрел игру (1 часть) и возник вопрос по геймплею. А именно: 1) Карта дохлого мага. Она берется каждым магом, кто хоть раз умер в процессе игры, активируется в конце раунда и берется новая каждый раунд такими магами в последствии?, 2) Если маг с поздней инициативой умер в результате каста других магов до своей очереди - будет ли он кастовать выложенное свое заклинание?
321;"Урааа все 4 части 
Ждем 5 часть"
322;Народ купил игру , я новичок , не вдупляю в мелочи совсем , есть может где нормальный разбор игры? Видео наприимер
323;В Питере есть места, где играют в боевых магов? Не только с друзьями, но и, например, устраивают турнир и т.д.?
324;Ну что ждём зиму для перевода🌚🌚🌚(Сама игра выйдет либо в конце лето либо в начале-середине осени)
325;со вчерашнего дня в магазине  хобби геймс в питере на пл восстания есть 4 часть, при покупке любой части можно промо карты у них попросить
326;"Интересно будет ли 5 часть?
Уже ждём не дождёмся новинки, можно ли оформить предзаказ? И в каких магазинах начинается продажа?"
327;"~14го марта в магазинах HobbyGames на полках появится 4ая часть.
P.s. инфа от продавца"
328;"Понеслась, ребята!
https://vk.com/wall-10077862_84353"
329;
330;ребят а сколько рустифицированых коробок?
331;"Всем привет! У нас отличные новости - каждую последнюю пятницу месяца приглашаем Вас на турниры по настольным играм. Итак, турнир октября по Эпичным Схваткам Боевых Магов 🎲 
 
📅 Когда? 
26 октября, пятница - 18:00 
 
📌 Где? 
Антикафе Зеленая Дверь 
Оплата по тарифу антикафе 
 
👑 Приз победителя: 
Коробочка эпичных схваток боевых магов: месиво на грибучем болоте 
 
📍Что надо сделать, чтобы принять участие? 
Быть участником нашей группы, записаться на турнир, подробности https://vk.com/tablemoscow?w=wall-130720072_522 
 
#НастольнаяМосква #НастольныеИгры #ЗеленаяДверь #Greendoor #ИнтересноеМосква #ЧемЗаняться #Осень2018 #October #New #Турнир"
332;Подскажите, очень интересно я заказал 2 из уже выпущенных игр, одна была уже давно (Эпичных магов) можно ли комбинировать их все 3 в одну игру и чем это грозит?
333;"Подскажите пожалуйста. Играем вдвоем. У одного выпала карта, жертвой которой должен стать ""враг сильнее тебя"", а у второго ""самый хилый враг"".
Так как для первого второй оказался хилее, то он не смог прокастовать по нему. А может ли второй, со своей миханикой бить первого, если тот сильнее? Как вообще трактовать эти механики?"
334;"Если посмотреть на даты выхода оригинальной третьей части и российской локализации, 4 часть должна выйти где-то в апреле
-----------
P.S. Кто-нить знает где сейчас можно достать промо-карты?"
335;Ну шо...английская версия по сути уже вышла, ждём русификации...
336;Объясните  пожалуйста карту экзорцизм. Урон наносится и мне и противникам или мне только при от 1 до 4 х?
337;Начало игры. Начинаю первым с такими картами. Заклинание сбрасывается т.к. нет самого живучего врага, или отхватывают все?
338;Что значит?
339;"https://vk.com/public167855415

Ребята из Санкт-Петербурга!

Давайте встретимся и поиграем!"
340;Анонсировали новую часть.Выход буржуйской локализации в 3 квартале 2018.
341;На коробке написано, что игра рассчитана на количество игроков не более шести, но нас часто собирается больше. Если приобрести две-три версии игры, то можно ли быдет сыграть на девять человек? Какие будут неудобства? У кого есть опыт таких игр?
342;
343;Подскажите, пожалуйста, когда бой идёт среди выживших двух игроков и при выпадание 10+ на кубиках, то сколько урона наносят противнику? 4 или ещё дополнительно 2, потому что он единственный враг и как хилый, и как живучий?
344;Здравствуйте, может кто знает, где можно купить колоду заклинаний отдельно от игры или у кого лишняя есть. Буду признательна за помощь.
345;"Пердорыцарь. 
Слей 2 литра крови: Можешь по отдельности (и к разным врагам) Применить результаты кубиков, брошенных в могучем броске. 
Жертва: враг по выбору. 
Могучий бросок: 
1-4 1 урон. СТОЯТЬ! 
5-9 2 урона. 
10+ 4 урона 
 
Если я использовал 2 крови и выбросил 12 на кубиках. Какой урон я смогу сделать врагу?"
346;
347;Правила игры на русском языке
348;
